region_id,O_OR_DS_Sep_house,O_OR_DS_SemiD_ro_or_tce_h_th,O_OR_DS_Flat_unit_apart,O_OR_DS_Oth_dwell,O_OR_DS_not_stated,O_OR_Total,O_MTG_DS_Sep_house,O_MTG_DS_SemiD_ro_or_tce_h_th,O_MTG_DS_Flat_unit_apart,O_MTG_DS_Oth_dwell,O_MTG_DS_not_stated,O_MTG_Total,R_RE_Agt_DS_Sep_house,R_RE_Ag_DS_SemD_ro_or_tc_h_th,R_RE_Agt_DS_Flat_unit_apart,R_RE_Agt_DS_Oth_dwell,R_RE_Agt_DS_not_stated,R_RE_Agt_Total,R_ST_h_auth_DS_Sep_house,R_ST_h_au_DS_SD_ro_or_tc_h_th,R_ST_h_auth_DS_Flat_unit_aprt,R_ST_h_auth_DS_Oth_dwell,R_ST_h_auth_DS_not_stated,R_ST_h_auth_Total,R_Psn_not_in_s_hh_DS_Sep_hous,R_P_not_in_s_h_DS_SD_ro_t_h_t,R_Ps_not_in_s_hh_DS_Flt_ut_at,R_Psn_not_in_s_hh_DS_Oth_dwel,R_Psn_not_in_s_hh_DS_NS,R_Psn_not_in_s_hh_Total,R_Hs_cop_cty_ch_gp_DS_Sp_ho,R_Hs_c_ct_ch_g_DS_SD_ro_t_h_t,R_Hse_cp_cty_ch_g_DS_Fl_u_at,R_Hs_cop_cty_ch_gp_DS_Ot_dwel,R_Hse_coop_cty_ch_gp_DS_NS,R_Hse_coop_cty_ch_gp_Total,R_Ot_landld_typ_DS_Sep_house,R_O_LLd_typ_DS_SD_ro_tc_h_th,R_Ot_LLd_typ_DS_Flt_unt_apt,R_Ot_landld_typ_DS_Oth_dwell,R_Ot_landld_typ_DS_not_stated,R_Ot_landld_typ_Total,R_Landld_typ_NS_DS_Sep_house,R_Ld_typ_NS_DS_SD_ro_tce_h_th,R_LLd_typ_NS_DS_Flt_unit_apt,R_Landld_typ_NS_DS_Oth_dwell,R_Landld_typ_NS_DS_not_stated,R_Landld_typ_NS_Total,R_Tot_DS_Sep_house,R_Tot_DS_SemiD_ro_or_tce_h_th,R_Tot_DS_Flat_unit_apart,R_Tot_DS_Oth_dwell,R_Tot_DS_not_stated,R_Tot_Total,Oth_ten_type_DS_Sep_house,Oth_ten_ty_DS_SD_ro_tce_h_th,Oth_ten_type_DS_Flt_unt_apt,Oth_ten_type_DS_Oth_dwell,Oth_ten_type_DS_not_stated,Oth_ten_type_Total,Ten_type_NS_DS_Sep_house,Ten_ty_NS_DS_SD_ro_tce_h_t,Ten_ty_NS_DS_Flt_unt_apt,Ten_type_NS_DS_Oth_dwell,Ten_type_NS_DS_not_stated,Ten_type_NS_Total,Total_DS_Sep_house,Total_DS_SemiD_ro_or_tce_h_th,Total_DS_Flat_unit_apart,Total_DS_Oth_dwell,Total_DS_not_stated,Total_Total
1,673832,65920,70669,9015,570,820006,655087,72076,94834,1688,608,824293,172589,62909,191029,2797,809,430133,48029,24062,36334,66,350,108841,85801,17673,38038,2152,386,144050,6194,4155,6731,55,64,17199,16772,2950,4225,3286,192,27425,10187,1580,3208,379,48,15402,339572,113329,279565,8735,1849,743050,9830,4551,5596,316,125,20418,39381,8048,14522,1389,189,63529,1717702,263924,465186,21143,3341,2471296
2,573487,48440,39081,4254,155,665417,602337,50881,42909,1197,208,697532,157596,50930,106557,1284,178,316545,24304,9424,20976,40,23,54767,71390,13630,21292,1346,113,107771,3558,1745,3504,21,6,8834,10040,1336,2397,2455,47,16275,7900,1212,2061,205,15,11393,274788,78277,156787,5351,382,515585,8322,2769,3350,160,19,14620,37037,5368,8366,732,32,51535,1495971,185735,250493,11694,796,1944689
3,388726,24942,25028,9623,298,448617,481720,25382,25130,1420,216,533868,172737,41138,72714,565,258,287412,29071,7763,16924,93,36,53887,78392,15825,24296,1221,192,119926,4212,2044,3258,64,20,9598,19528,3110,4104,4429,132,31303,7861,1217,1769,411,31,11289,311801,71097,123065,6783,669,513415,7712,3935,2321,306,30,14304,25343,4075,6169,1444,68,37099,1215302,129431,181713,19576,1281,1547303
4,181427,12691,7734,1346,82,203280,197088,13293,7611,320,89,218401,40282,11419,15181,100,31,67013,16530,13676,7738,11,9,37964,33080,6386,8621,291,45,48423,2671,1900,2234,12,6,6823,5929,899,1271,449,19,8567,2758,535,580,59,6,3938,101250,34815,35625,922,116,172728,3766,3270,1829,52,19,8936,10940,2395,2169,173,19,15696,494471,66464,54968,2813,325,619041
5,203802,17760,9008,3872,184,234626,269005,20086,10485,636,123,300335,63932,18047,20553,179,76,102787,16222,8952,6631,24,48,31877,49514,9977,8511,397,60,68459,2197,1296,1507,57,13,5070,13220,2011,1671,1186,99,18187,4092,639,544,139,31,5445,149177,40922,39417,1982,327,231825,3933,2809,1970,147,22,8881,12853,2756,2110,743,30,18492,638770,84333,62990,7380,686,794159
6,64791,2070,2386,487,34,69768,62778,1467,1419,235,24,65923,12226,2161,3764,107,15,18273,6216,1790,2306,3,3,10318,12356,1566,2563,225,12,16722,515,334,586,9,6,1450,1910,239,455,140,3,2747,1100,116,191,34,6,1447,34323,6206,9865,518,45,50957,973,201,299,18,3,1494,3651,387,545,97,4,4684,166516,10331,14514,1355,110,192826
7,7188,715,662,911,53,9529,14749,1711,1877,239,53,18629,3601,1682,3341,61,22,8707,5403,753,1259,45,13,7473,2771,867,1354,218,26,5236,1523,55,120,53,12,1763,3915,692,892,307,42,5848,564,89,130,84,9,876,17777,4138,7096,768,124,29903,341,56,56,112,14,579,1132,260,396,442,21,2251,41187,6880,10087,2472,265,60891
8,31239,3813,1557,120,9,36738,41764,5510,3095,10,12,50391,7116,3977,5851,13,5,16962,5118,2130,2151,7,3,9409,5601,2144,2475,27,11,10258,223,203,159,3,3,591,1351,298,210,28,7,1894,312,86,75,3,0,476,19721,8838,10921,81,29,39590,348,289,175,6,0,818,1195,358,322,10,0,1885,94267,18808,16070,227,50,129422
9,85,18,66,0,0,169,35,12,13,0,0,60,20,0,4,0,0,24,70,4,79,0,3,156,25,15,22,3,0,65,46,0,0,0,0,46,68,9,9,3,11,100,11,4,0,0,0,15,240,32,114,6,14,406,25,0,0,0,0,25,11,5,19,0,0,35,396,67,212,6,14,695
